Model,Accuracy,Precision,Recall,F1,ROC_AUC
RandomForest,0.96,0.8333333333333334,1.0,0.9090909090909091,1.0
GradientBoosting,0.96,0.8333333333333334,1.0,0.9090909090909091,0.986875
SVM_RBF,0.96,0.8333333333333334,1.0,0.9090909090909091,1.0
LogisticRegression,0.97,0.8695652173913043,1.0,0.9302325581395349,1.0
